Name,FIPS,GFIPS,Total,Male:,Under 5 years,5 to 9 years,10 to 14 years,15 to 17 years,18 and 19 years,20 years,21 years,22 to 24 years,25 to 29 years,30 to 34 years,35 to 39 years,40 to 44 years,45 to 49 years,50 to 54 years,55 to 59 years,60 and 61 years,62 to 64 years,65 and 66 years,67 to 69 years,70 to 74 years,75 to 79 years,80 to 84 years,85 years and over,Female:,Under 5 years,5 to 9 years,10 to 14 years,15 to 17 years,18 and 19 years,20 years,21 years,22 to 24 years,25 to 29 years,30 to 34 years,35 to 39 years,40 to 44 years,45 to 49 years,50 to 54 years,55 to 59 years,60 and 61 years,62 to 64 years,65 and 66 years,67 to 69 years,70 to 74 years,75 to 79 years,80 to 84 years,85 years and over
Aguilar town,760,10800760,456,235,13,13,14,4,6,3,3,2,6,10,11,14,13,11,16,10,14,7,14,17,16,10,8,221,9,8,6,7,8,0,4,3,11,7,12,9,12,15,15,10,15,9,12,19,14,8,8
Akron town,925,10800925,1757,911,57,56,64,30,15,11,5,27,67,72,82,55,51,47,59,22,33,20,23,43,36,15,21,846,52,56,44,25,14,4,5,26,49,58,66,39,40,37,51,32,35,26,26,38,36,39,48
Alamosa city,1090,10801090,9806,4678,301,360,335,175,238,133,148,256,366,355,289,262,205,202,236,96,143,76,125,168,94,70,45,5128,273,327,346,169,288,149,135,261,405,392,325,276,209,225,250,118,168,132,151,180,130,80,139
Alma town,1530,10801530,296,177,8,4,8,8,3,0,0,0,12,23,21,15,18,14,12,3,12,6,2,2,1,3,2,119,6,6,8,1,3,0,0,2,12,21,13,12,9,6,2,3,7,1,0,3,1,2,1
Antonito town,2355,10802355,647,293,16,15,26,14,4,1,2,4,15,17,18,12,13,29,16,9,16,20,12,11,10,5,8,354,10,22,29,15,4,0,1,8,12,13,30,16,26,19,28,14,23,13,13,17,13,14,14
Arriba town,3235,10803235,202,103,8,4,4,8,3,0,1,5,3,3,6,7,3,3,12,7,3,5,6,6,4,0,2,99,6,8,7,2,0,0,1,2,5,5,8,7,1,9,10,1,4,1,8,4,2,4,4
Arvada city,3455,10803455,124402,61292,3460,3658,3856,2353,1325,632,632,1884,4173,4980,4996,4310,3830,3718,4084,1560,2239,1362,1876,2685,1702,1016,961,63110,3342,3477,3737,2120,1100,568,493,1790,4031,4963,4892,4194,3842,3841,4474,1702,2455,1505,2216,3092,2150,1469,1657
Aspen city,3620,10803620,7004,3544,127,121,155,98,67,48,17,150,259,336,323,198,283,312,237,79,141,79,132,167,117,63,35,3460,127,137,156,102,61,41,31,148,268,312,273,237,236,274,269,98,140,75,111,162,110,45,47
Ault town,3950,10803950,1887,949,73,68,57,53,23,4,12,29,75,85,73,62,69,52,51,23,30,21,20,27,20,9,13,938,61,63,68,29,23,6,11,34,78,77,68,60,45,59,63,31,32,13,29,33,22,15,18
Aurora city,4000,10804000,386261,192685,12418,13312,14610,8423,5045,2524,2488,8256,16067,16601,15321,13412,12164,11170,10542,4099,5415,3347,4343,5886,3495,2080,1667,193576,12180,12697,13481,7992,4498,2400,2348,7790,15129,15568,14784,13210,12334,11149,10982,4345,6299,3734,5255,7176,4459,2835,2931
Avon town,4110,10804110,6072,3282,186,151,183,113,83,41,37,103,333,358,336,273,212,220,220,81,90,62,77,54,44,17,8,2790,169,144,189,117,57,49,24,100,228,279,243,216,222,186,176,75,89,42,44,77,35,12,17
Basalt town,4935,10804935,3984,1976,115,90,110,67,35,27,21,55,148,138,163,137,154,143,120,60,90,51,73,92,55,22,10,2008,98,105,112,60,22,14,12,70,146,184,156,137,135,141,136,55,106,56,65,95,51,33,19
Bayfield town,5265,10805265,2838,1419,93,158,139,62,31,6,7,46,73,99,133,111,92,71,53,29,35,28,36,51,31,21,14,1419,127,126,104,52,22,12,5,23,97,122,120,102,77,75,71,27,43,36,47,55,32,20,24
Bennett town,6090,10806090,2862,1441,89,95,125,90,40,9,23,48,122,109,94,92,68,90,111,48,54,33,29,41,16,8,7,1421,96,121,128,69,34,18,11,48,114,118,71,83,77,105,84,23,56,36,33,41,29,16,10
Berthoud town,6255,10806255,10332,5060,321,388,373,200,111,53,42,143,301,392,404,357,279,336,347,140,182,131,151,183,126,56,44,5272,324,393,382,192,111,42,46,141,319,426,405,352,308,322,387,126,217,128,160,225,136,69,61
Bethune town,6530,10806530,183,89,6,7,6,7,1,1,2,1,5,4,3,6,8,4,10,0,5,0,3,4,2,2,2,94,11,6,6,3,3,2,0,1,1,3,7,8,4,6,10,1,3,6,1,2,5,1,4
Black Hawk city,7025,10807025,127,79,2,2,1,3,2,0,0,3,2,7,7,2,8,5,10,6,7,6,1,0,2,2,1,48,0,0,4,1,1,0,0,0,3,2,4,4,6,0,5,2,5,2,2,3,0,4,0
Blanca town,7190,10807190,322,160,7,16,12,4,5,2,0,9,7,4,8,8,12,10,12,6,9,5,4,12,5,0,3,162,8,8,15,6,3,3,2,4,7,13,8,11,8,9,8,6,5,7,8,3,10,3,7
Blue River town,7410,10807410,877,493,33,19,27,19,10,1,3,11,49,44,41,44,37,28,36,10,16,11,17,25,10,1,1,384,10,27,23,14,6,3,2,19,35,27,31,29,24,29,28,7,15,7,20,15,7,5,1
Bonanza town,7571,10807571,17,10,0,0,0,1,0,0,0,0,0,1,1,1,3,0,0,0,0,0,0,1,2,0,0,7,0,0,0,0,0,0,0,0,2,1,1,0,1,0,0,0,0,0,0,0,1,1,0
Boone town,7795,10807795,305,165,5,11,15,5,3,2,0,3,14,17,9,14,4,11,17,1,11,1,6,7,1,3,5,140,5,7,11,4,6,0,0,4,7,9,10,6,10,7,15,8,6,7,4,2,1,6,5
Boulder city,7850,10807850,108250,55982,1676,1971,2285,1512,4863,2577,2625,5402,6112,4385,3071,2716,2833,2749,2450,1023,1380,901,1250,1858,1097,643,603,52268,1571,1877,2229,1368,4851,2352,2402,3933,4550,3538,2773,2745,2754,2730,2497,982,1474,924,1405,1985,1333,897,1098
Bow Mar town,8070,10808070,853,426,12,36,38,25,9,2,4,21,7,6,15,15,29,42,28,17,21,13,25,28,13,11,9,427,10,33,42,32,13,9,4,7,3,6,12,22,40,39,29,13,16,13,16,25,17,11,15
Branson town,8345,10808345,57,25,3,1,4,0,0,0,0,1,2,2,2,0,1,0,1,0,1,0,1,2,2,1,1,32,1,2,3,3,0,0,0,1,1,1,1,2,2,0,5,1,1,3,0,1,0,1,3
Breckenridge town,8400,10808400,5078,2733,80,96,100,91,38,13,18,116,336,369,276,185,194,186,142,70,93,63,87,100,64,13,3,2345,108,81,110,50,30,24,20,75,291,251,241,155,179,148,167,62,88,40,79,94,40,8,4
Brighton city,8675,10808675,40083,20133,1356,1518,1709,944,578,290,327,821,1531,1564,1552,1403,1292,1170,1112,412,524,315,411,587,341,212,164,19950,1282,1402,1673,890,499,287,293,756,1416,1532,1521,1335,1192,1173,1137,413,561,374,507,632,479,292,304
Brookside town,9115,10809115,236,124,2,3,8,4,4,3,0,1,6,6,10,7,3,11,11,6,7,5,4,6,7,3,7,112,4,4,4,2,4,0,1,3,4,4,2,8,7,6,12,2,11,2,8,11,7,1,5
Broomfield city,9280,10809280,74112,37004,1794,2189,2630,1622,820,433,434,1522,3257,3092,2611,2583,2733,2352,2146,833,1163,681,925,1406,860,517,401,37108,1737,2178,2536,1510,736,344,398,1478,2856,2694,2532,2720,2594,2332,2254,876,1259,750,1132,1715,1095,640,742
Brush city,9555,10809555,5339,2575,179,205,189,114,81,39,50,70,189,147,171,105,144,143,156,63,77,50,81,109,72,63,78,2764,158,193,169,106,50,35,25,103,170,165,150,138,146,155,145,72,102,57,86,129,108,116,186
Buena Vista town,10105,10810105,2855,1379,78,82,79,50,22,8,5,17,91,112,119,93,95,62,90,37,76,29,53,74,61,24,22,1476,69,81,80,48,20,4,9,48,110,115,109,86,85,72,97,39,76,43,59,94,57,33,42
Burlington city,10600,10810600,3172,1550,127,111,123,69,34,17,23,58,104,105,105,81,89,69,92,37,61,33,42,54,40,45,31,1622,116,115,120,55,35,18,19,52,121,101,105,87,80,90,102,38,57,25,47,73,64,39,63
Calhan town,11260,10811260,762,368,33,19,24,9,9,8,3,11,21,31,14,22,23,31,27,8,9,6,11,19,18,9,3,394,22,27,21,21,6,6,6,11,25,20,19,20,29,24,25,13,11,11,21,22,14,8,12
Campo town,11645,10811645,103,52,2,1,6,3,1,0,0,2,6,3,6,2,3,1,2,1,1,2,2,1,3,1,3,51,4,1,3,8,1,2,1,0,2,0,1,2,3,2,3,3,3,2,4,3,1,1,1
Ca√±on City city,11810,10811810,17141,8672,426,445,496,294,190,84,94,258,521,605,626,531,539,495,586,263,345,219,329,519,366,251,190,8469,379,446,472,303,170,69,79,208,437,500,464,393,427,446,616,233,369,305,393,595,460,308,397
Carbondale town,12045,10812045,6434,3195,154,196,224,129,75,37,35,94,270,269,274,266,229,188,162,66,86,51,89,145,66,36,54,3239,176,219,236,116,49,28,34,78,233,258,252,251,225,201,183,82,98,66,91,144,81,53,85
Castle Rock town,12415,10812415,73158,36539,2526,3042,3236,1890,1030,420,342,1037,2020,2478,2873,2769,2922,2556,2136,748,963,555,744,1089,656,298,209,36619,2378,2703,3087,1722,890,373,333,940,2084,2559,2952,2908,2884,2485,2163,734,1067,640,926,1232,766,416,377
Cedaredge town,12635,10812635,2279,1073,31,64,57,41,21,4,13,23,39,49,35,55,45,47,71,30,44,62,75,96,77,55,39,1206,53,47,65,40,17,8,5,28,45,43,49,55,49,56,100,37,62,47,91,125,81,61,42
Centennial city,12815,10812815,108418,53901,2858,3531,4067,2524,1260,590,536,1639,3225,3410,3837,3741,3726,3508,3508,1430,2031,1258,1679,2472,1521,821,729,54517,2704,3299,3719,2313,1116,476,479,1430,2723,3321,3912,3746,3754,3570,3766,1599,2288,1434,1938,2792,1812,1060,1266
Center town,12855,10812855,1929,930,76,68,87,46,38,13,10,22,60,57,53,42,50,64,68,17,38,18,28,31,20,13,11,999,65,85,81,48,32,18,3,28,73,60,60,53,47,62,72,35,37,22,24,42,28,11,13
Central City city,12910,10812910,779,424,11,17,14,14,8,3,6,16,32,26,29,27,43,26,45,22,19,13,16,22,6,4,5,355,9,14,20,9,3,2,6,15,17,31,19,26,29,21,39,10,17,8,18,22,9,9,2
Cheraw town,13460,10813460,237,122,6,8,8,7,3,2,1,5,2,7,5,9,7,6,5,5,8,3,7,4,10,2,2,115,10,10,4,1,2,0,2,5,6,4,5,6,14,8,5,9,2,6,6,8,0,2,0
Cherry Hills Village city,13845,10813845,6442,3228,138,247,348,236,102,21,40,59,68,49,119,156,276,257,232,80,150,94,104,202,115,82,53,3214,132,245,303,240,83,31,31,63,65,70,131,207,275,235,244,91,132,92,117,165,115,77,70
Cheyenne Wells town,14175,10814175,758,362,10,25,23,13,11,3,7,10,19,23,21,20,20,16,31,9,16,16,25,19,10,10,5,396,17,22,29,8,3,6,6,6,18,26,15,17,15,22,37,19,23,14,20,18,9,15,31
City of Creede town,14765,10814765,257,122,4,2,2,1,2,0,3,0,5,11,10,1,12,11,6,4,6,13,5,14,0,6,4,135,3,4,2,0,0,1,1,4,8,10,14,2,8,7,12,8,13,4,9,6,6,10,3
Coal Creek town,15330,10815330,364,177,9,5,9,6,3,1,3,6,6,8,18,10,12,9,17,7,7,7,10,12,6,3,3,187,6,12,16,10,1,2,1,4,6,8,13,13,5,15,11,6,11,6,10,18,7,4,2
Cokedale town,15550,10815550,127,70,0,2,4,1,6,0,1,2,3,3,5,1,5,2,6,2,5,4,0,8,2,1,7,57,3,5,2,1,0,0,0,1,3,3,4,6,3,3,5,0,4,1,3,5,2,2,1
Collbran town,15605,10815605,369,189,11,8,8,8,5,1,2,7,8,6,11,9,12,11,21,4,9,4,15,13,12,2,2,180,3,8,12,9,3,2,1,9,7,10,6,12,12,11,28,4,8,7,6,5,13,2,2
Colorado Springs city,16000,10816000,478961,236731,14392,15371,15806,9288,6006,3585,3577,11378,20702,19174,17390,14615,13599,13207,14328,5658,7819,4690,6347,8603,5254,3141,2801,242230,13713,14543,15128,8969,5995,3325,3561,10933,18922,18231,16823,14435,13744,13723,15698,6193,8802,5551,7273,10261,6772,4641,4994
Columbine Valley town,16385,10816385,1502,750,27,56,64,31,15,7,7,19,11,10,40,31,56,47,41,28,40,24,33,76,39,28,20,752,29,48,54,28,12,10,4,16,14,14,45,43,49,50,53,31,38,20,36,73,32,27,26
Commerce City city,16495,10816495,62418,31574,2473,2775,2927,1544,893,414,402,1042,2244,2646,2854,2549,2175,1677,1439,555,714,421,534,655,328,183,130,30844,2441,2579,2671,1502,844,382,345,1035,2163,2640,2827,2452,1973,1681,1393,538,749,472,578,686,410,259,224
Cortez city,17375,10817375,8766,4263,274,316,329,148,122,46,59,103,283,307,308,239,225,212,244,88,163,120,170,187,134,82,104,4503,224,338,263,156,81,48,62,124,293,332,257,220,241,216,266,117,193,139,184,240,189,126,194
Craig city,17760,10817760,9060,4618,308,324,389,211,108,46,59,152,317,358,327,295,251,249,262,115,194,120,141,172,107,58,55,4442,273,324,320,186,121,50,39,165,325,310,299,271,229,239,286,124,176,95,142,172,128,71,97
Crawford town,17925,10817925,403,217,15,9,12,12,4,4,1,4,15,9,5,16,20,9,16,6,7,10,10,14,12,6,1,186,4,10,14,6,4,2,2,3,9,16,15,8,6,18,7,5,7,8,16,8,14,1,3
Crested Butte town,18310,10818310,1639,845,20,39,55,29,15,7,5,26,71,88,69,60,75,91,62,14,28,23,20,25,16,5,2,794,15,36,44,23,16,6,7,31,82,81,68,64,69,78,52,16,25,8,24,29,16,3,1
Crestone town,18420,10818420,141,83,4,3,2,6,2,0,0,4,2,4,5,10,4,2,5,1,3,5,8,4,4,2,3,58,2,4,2,2,0,0,1,1,0,5,2,2,6,2,5,0,5,3,5,8,3,0,0
Cripple Creek city,18530,10818530,1155,613,26,28,19,18,13,3,4,18,49,46,40,36,39,42,47,12,32,33,34,37,18,9,10,542,17,21,26,9,10,0,3,30,31,22,36,27,37,41,47,20,36,23,19,40,22,12,13
Crook town,18640,10818640,133,66,2,1,5,3,5,0,2,1,2,7,5,3,3,3,3,1,6,0,4,2,6,0,2,67,5,4,5,1,2,1,0,1,3,5,4,3,2,6,5,0,5,3,5,6,1,0,0
Crowley town,18750,10818750,166,82,4,1,2,4,0,1,1,1,5,0,6,7,8,8,8,2,6,3,0,8,2,4,1,84,5,5,5,4,2,0,0,2,1,4,4,4,4,6,9,3,2,7,5,4,3,1,4
Dacono city,19080,10819080,6297,3193,253,265,220,118,53,42,40,108,237,285,282,237,195,204,194,65,97,53,62,87,53,27,16,3104,238,248,238,145,69,30,31,96,219,303,247,201,184,163,195,70,86,51,89,93,56,23,29
De Beque town,19355,10819355,493,258,22,17,18,8,11,3,1,11,21,17,19,10,9,14,23,9,13,6,5,11,9,0,1,235,12,17,21,5,3,4,2,3,24,16,16,8,16,14,21,7,9,6,6,12,9,1,3
Deer Trail town,19630,10819630,1068,542,42,50,38,20,18,7,7,13,42,50,44,27,23,38,27,12,26,11,13,11,8,7,8,526,57,48,30,22,5,4,5,22,50,48,27,38,22,29,25,20,18,10,10,12,9,9,6
Del Norte town,19795,10819795,1458,723,32,46,44,25,25,4,5,20,29,55,40,53,31,48,53,28,27,23,29,49,30,12,15,735,40,42,40,22,14,8,6,13,47,40,34,47,46,44,50,24,25,27,38,46,32,19,31
Delta city,19850,10819850,9035,4381,261,303,337,173,115,52,30,169,296,265,236,237,233,246,275,121,176,119,149,221,160,108,99,4654,259,332,307,182,104,45,41,151,254,263,273,231,226,263,287,138,187,116,169,246,207,155,218
Denver city,20000,10820000,715522,358405,19354,18912,19283,10742,7180,3894,3880,16206,44131,42673,33735,25483,21875,19253,17615,6750,9219,6070,8072,10827,6253,3595,3403,357117,19047,18337,18431,10354,7335,4046,4129,18184,44682,39982,30537,23334,20024,17663,16758,6815,9921,6406,8985,12663,8021,5268,6195
Dillon town,20440,10820440,1064,578,29,21,20,14,15,4,1,34,65,54,36,45,25,45,34,26,17,18,15,27,16,12,5,486,11,15,26,8,6,6,1,19,34,50,41,22,33,30,45,22,30,13,16,34,14,9,1
Dinosaur town,20495,10820495,243,128,6,7,11,6,3,0,1,3,8,8,6,4,3,6,14,4,8,8,1,6,9,3,3,115,4,3,3,2,1,2,0,1,4,6,8,8,5,9,12,8,8,8,6,10,5,1,1
Dolores town,20770,10820770,885,418,22,23,25,23,8,10,5,6,35,26,26,24,27,32,28,12,14,12,12,24,8,9,7,467,27,15,32,23,10,5,1,10,25,21,42,20,30,41,33,12,16,12,20,32,21,8,11
Dove Creek town,21265,10821265,635,323,22,17,16,18,7,5,2,6,14,15,16,22,19,16,19,10,21,15,15,19,13,8,8,312,21,14,16,9,6,0,4,11,12,11,18,16,16,24,16,19,15,11,12,16,16,11,18
Durango city,22035,10822035,19071,9717,390,468,474,280,333,444,380,620,803,783,757,616,621,475,438,218,319,213,256,382,233,95,119,9354,329,362,446,270,338,525,176,587,684,726,663,551,524,496,500,232,355,249,286,425,260,148,222
Eads town,22145,10822145,672,316,22,27,24,7,7,0,1,13,18,10,23,21,9,13,20,14,16,7,13,25,15,3,8,356,33,17,25,10,4,1,1,8,22,27,14,17,20,11,31,20,20,6,15,24,9,8,13
Eagle town,22200,10822200,7511,3808,227,306,379,208,87,45,49,83,162,238,295,350,342,283,251,73,105,71,89,93,46,17,9,3703,208,275,338,173,98,39,20,82,176,238,329,336,331,284,192,83,98,88,82,100,62,36,35
Eaton town,22860,10822860,5802,2871,210,248,246,131,78,21,23,82,163,209,214,182,169,153,169,62,92,55,89,135,76,39,25,2931,186,205,232,133,69,33,38,74,160,225,236,174,165,158,160,65,110,72,95,151,87,57,46
Eckley town,23025,10823025,232,124,14,6,10,5,7,0,3,2,5,10,11,2,7,8,6,7,7,1,1,4,1,2,5,108,3,0,14,6,2,0,1,2,7,12,2,3,6,8,11,7,7,1,5,1,3,5,2
Edgewater city,23135,10823135,5005,2481,138,107,96,74,41,26,25,99,278,400,249,197,142,124,137,49,68,39,62,55,44,23,8,2524,137,119,127,67,36,11,22,123,318,339,233,191,128,113,158,58,80,37,51,66,51,30,29
Elizabeth town,23740,10823740,1675,818,73,67,72,42,22,4,14,31,53,70,72,60,45,41,38,17,30,15,9,17,12,8,6,857,57,66,75,40,17,16,8,22,52,80,59,61,53,52,54,22,27,17,19,27,20,10,3
Empire town,24620,10824620,345,197,8,7,11,8,3,5,4,5,16,14,11,16,16,8,10,5,17,5,8,14,3,1,2,148,6,5,7,0,3,0,0,2,6,13,11,9,13,10,13,13,5,5,12,6,5,2,2
Englewood city,24785,10824785,33659,17126,881,721,713,380,265,155,169,722,2056,2175,1692,1139,983,935,1067,415,534,348,456,545,358,206,211,16533,807,690,689,410,219,178,153,773,1912,1887,1379,994,867,880,1043,411,579,381,495,665,395,297,429
Erie town,24950,10824950,30038,14878,1036,1304,1461,767,330,117,103,328,563,930,1275,1298,1254,1030,888,322,417,268,328,422,239,120,78,15160,1095,1281,1282,712,340,101,130,258,609,1043,1368,1361,1244,984,886,321,443,314,363,510,266,149,100
Estes Park town,25115,10825115,5904,2808,96,122,134,88,51,28,30,47,157,145,162,135,131,153,168,78,164,107,170,267,187,99,89,3096,102,104,125,77,35,23,11,56,143,163,157,135,135,167,221,122,201,128,204,310,183,130,164
Evans city,25280,10825280,22165,11169,849,893,895,500,310,240,172,576,1091,978,889,689,619,590,525,178,237,177,205,250,177,77,52,10996,847,825,847,516,325,193,289,590,993,944,733,688,601,540,539,188,290,158,222,280,192,104,92
Fairplay town,25610,10825610,724,388,10,21,28,16,2,0,7,5,33,35,42,37,26,29,23,10,12,11,13,22,1,5,0,336,19,23,11,21,6,6,1,7,29,27,24,27,30,26,22,6,18,4,12,9,5,2,1
Federal Heights city,26270,10826270,14382,7305,545,553,623,352,188,120,108,360,593,578,519,484,454,362,422,141,208,114,125,184,132,77,63,7077,535,486,516,323,219,123,96,331,557,527,491,447,414,359,433,152,219,132,142,240,152,105,78
Firestone town,26600,10826600,16381,8200,641,730,752,415,214,94,114,232,451,631,715,631,547,498,446,163,204,135,140,218,124,66,39,8181,592,619,693,379,207,77,97,246,557,648,752,585,556,498,465,177,213,134,190,233,143,73,47
Flagler town,26765,10826765,567,286,8,15,30,12,4,2,4,3,17,17,19,11,11,20,19,7,20,11,13,13,14,8,8,281,20,9,12,10,1,3,0,1,11,25,12,14,9,21,24,8,15,8,13,23,22,7,13
Fleming town,26875,10826875,428,223,15,22,10,10,5,1,0,4,6,20,20,15,9,12,13,9,12,8,8,9,11,1,3,205,17,14,11,6,5,1,0,6,12,21,8,3,10,19,22,7,9,8,3,9,9,3,2
Florence city,27040,10827040,3822,1895,85,129,130,52,44,26,27,32,130,109,118,98,100,112,114,53,95,64,66,119,74,46,72,1927,112,92,125,64,29,27,10,61,102,90,116,102,114,122,144,82,93,61,80,103,77,57,64
Fort Collins city,27425,10827425,169810,84217,3861,4505,4765,2799,4194,2495,2469,6214,9033,6993,5794,5292,4752,3928,3772,1530,2315,1444,1968,2668,1610,915,901,85593,3548,4318,4435,2628,5280,2822,2689,6093,7809,6211,5441,5089,4581,4033,4219,1715,2578,1685,2302,3002,2034,1308,1773
Fort Lupton city,27700,10827700,7955,3955,248,284,323,214,132,57,65,151,247,284,277,238,216,229,258,89,179,89,103,137,58,49,28,4000,294,305,285,205,93,54,41,152,287,281,273,231,226,255,284,85,131,92,115,135,78,56,42
Fort Morgan city,27810,10827810,11597,5797,464,479,472,282,184,104,93,225,468,426,374,337,292,314,301,114,175,105,139,166,119,102,62,5800,473,447,441,251,154,69,84,206,427,423,348,304,278,299,325,139,176,104,182,217,155,120,178
Fountain city,27865,10827865,29802,14924,1271,1287,1266,676,404,208,210,746,1505,1353,1249,909,800,738,715,239,318,200,243,258,164,95,70,14878,1193,1233,1177,658,360,176,200,702,1377,1384,1201,973,855,778,784,257,377,207,232,312,211,131,100
Fowler town,27975,10827975,1253,601,27,20,54,26,19,4,6,16,36,28,36,46,33,31,38,15,30,11,26,34,35,11,19,652,24,25,50,26,21,15,4,17,27,26,55,34,37,30,48,17,27,19,21,39,29,21,40
Foxfield town,28105,10828105,754,383,18,28,20,12,6,1,10,14,17,18,17,21,18,25,23,22,17,13,15,31,18,8,11,371,17,17,24,17,7,3,4,13,14,11,20,20,24,25,34,14,16,14,24,22,14,11,6
Fraser town,28305,10828305,1400,775,17,24,44,13,9,11,12,28,114,95,71,62,59,50,37,15,32,14,30,24,4,6,4,625,30,29,22,10,11,8,8,49,73,58,51,50,46,29,35,21,26,19,16,18,5,6,5
Frederick town,28360,10828360,14513,7360,559,585,624,324,157,75,53,194,402,593,652,533,583,500,433,175,203,111,154,225,126,57,42,7153,527,529,590,277,140,53,72,182,408,613,634,577,492,464,425,154,212,130,180,241,118,74,61
Frisco town,28690,10828690,2913,1561,59,60,64,40,17,3,4,40,146,182,137,116,123,98,117,50,48,44,46,85,47,23,12,1352,47,41,41,27,23,5,13,34,122,124,116,109,107,91,111,48,59,40,60,76,37,14,7
Fruita city,28745,10828745,13395,6460,401,462,560,328,155,63,50,159,324,424,468,466,400,319,369,150,217,165,222,292,216,142,108,6935,386,437,556,314,151,57,65,175,344,467,500,470,415,386,423,171,266,193,216,338,285,187,133
Garden City town,29185,10829185,254,132,2,5,10,0,7,1,2,4,9,22,4,3,9,7,12,0,9,5,7,5,4,4,1,122,6,11,8,2,5,2,0,0,10,12,7,5,5,15,11,3,2,6,6,2,1,2,1
Genoa town,29680,10829680,153,82,7,3,3,2,4,1,0,1,4,2,3,4,4,7,11,7,3,3,3,6,1,2,1,71,2,4,11,1,0,0,0,2,5,1,3,2,3,8,7,2,6,6,0,2,2,0,4
Georgetown town,29735,10829735,1118,600,29,26,31,5,3,5,9,7,56,75,47,36,35,49,48,19,22,14,21,33,13,11,6,518,11,25,10,11,16,7,3,10,42,41,40,30,29,49,35,22,16,19,21,41,16,9,15
Gilcrest town,29955,10829955,1029,534,29,38,48,28,26,10,8,20,38,33,32,36,31,26,38,13,27,10,11,14,8,7,3,495,32,34,30,34,11,4,7,19,30,28,40,31,32,22,38,12,17,7,15,24,10,7,11
Glendale city,30340,10830340,4613,2338,72,50,53,51,28,28,35,204,571,399,247,138,111,103,87,34,30,19,20,26,15,8,9,2275,81,38,58,38,20,23,47,281,583,379,179,123,92,85,75,22,49,20,24,36,13,2,7
Glenwood Springs city,30780,10830780,9963,5022,286,295,329,196,143,54,50,182,375,442,466,349,351,281,290,105,183,107,148,206,95,44,45,4941,262,268,335,211,99,68,49,149,340,396,404,368,295,287,325,121,195,110,145,210,115,73,116
Golden city,30835,10830835,20399,11004,335,437,451,338,943,452,415,751,952,957,696,630,594,566,616,235,329,201,284,351,216,146,109,9395,360,412,441,278,677,280,235,394,750,635,622,547,542,569,584,243,312,221,258,382,276,189,188
Granada town,31550,10831550,445,222,16,18,19,14,3,2,1,9,12,7,13,13,9,12,13,5,12,7,8,9,7,6,7,223,15,21,19,9,9,4,1,3,11,7,14,10,13,19,11,6,8,10,6,10,4,4,9
Granby town,31605,10831605,2079,1071,42,57,70,54,27,17,4,37,72,100,91,79,67,58,66,32,61,31,31,45,12,12,6,1008,58,58,70,47,19,10,7,28,71,74,65,69,61,65,67,34,61,22,34,48,22,10,8
Grand Junction city,31660,10831660,65560,32361,1603,1781,1922,1049,1393,621,668,1566,2292,2183,2210,1842,1656,1677,1804,817,1228,795,1256,1572,1069,714,643,33199,1589,1681,1719,961,1403,633,659,1412,2058,2092,2032,1727,1651,1662,2059,937,1380,968,1283,1832,1284,960,1217
Grand Lake town,31715,10831715,410,222,8,7,4,5,3,6,0,5,15,15,13,11,13,11,27,4,16,1,19,23,12,2,2,188,3,4,2,8,2,0,1,2,13,12,8,6,6,21,25,8,15,15,10,19,4,0,4
Greeley city,32155,10832155,108795,53848,3781,3874,3899,2359,2031,1125,1097,2857,4561,4151,3786,3200,2846,2734,2712,1024,1421,957,1301,1713,1092,738,589,54947,3676,3713,3691,2269,2597,1424,1289,2703,4138,3916,3377,2991,2806,2676,2776,1150,1644,1106,1498,2001,1395,952,1159
Green Mountain Falls town,32650,10832650,646,302,12,5,11,7,10,0,3,12,10,16,7,14,27,24,33,10,19,8,19,24,12,11,8,344,11,9,14,13,11,3,11,3,14,16,18,16,27,26,33,20,22,9,16,25,14,6,7
Greenwood Village city,33035,10833035,15691,7756,310,449,650,388,170,67,99,279,482,418,416,458,572,564,523,203,316,175,268,411,258,137,143,7935,262,422,589,432,157,68,82,244,487,375,447,540,609,586,579,218,326,208,296,424,213,150,221
Grover town,33310,10833310,157,78,4,1,3,4,0,0,0,3,7,6,6,8,4,3,4,5,1,2,9,2,2,3,1,79,7,4,6,2,3,0,0,8,9,4,1,4,1,3,6,1,4,1,0,4,7,2,2
Gunnison city,33640,10833640,6560,3490,145,129,151,77,334,200,189,302,356,298,243,191,151,136,117,55,84,59,73,102,48,19,31,3070,156,122,126,86,292,174,140,240,272,220,191,162,153,111,129,66,74,53,74,68,66,37,58
Gypsum town,33695,10833695,8040,4210,267,339,375,219,132,78,50,140,249,348,308,309,334,280,252,93,115,72,85,84,51,19,11,3830,285,253,330,177,104,70,46,119,237,350,302,287,313,258,222,85,111,56,76,80,44,9,16
Hartman town,34520,10834520,56,21,0,1,0,1,2,0,2,1,1,4,2,0,0,1,1,0,2,0,1,0,2,0,0,35,2,1,2,0,0,0,0,1,1,2,2,3,0,6,1,2,3,1,2,1,3,1,1
Haswell town,34740,10834740,71,37,4,2,3,2,0,0,1,0,2,0,5,0,5,1,1,1,4,2,0,0,2,2,0,34,0,0,2,4,2,0,0,0,0,3,5,0,2,0,3,4,2,0,3,2,0,0,2
Haxtun town,34960,10834960,981,472,24,28,46,22,9,4,2,12,20,21,30,34,24,23,26,16,19,23,10,32,18,13,16,509,26,34,32,24,7,4,4,13,21,31,30,24,22,27,39,8,22,18,21,32,21,21,28
Hayden town,35070,10835070,1941,996,55,65,67,35,25,12,4,26,77,100,105,74,63,44,56,33,32,25,23,36,16,13,10,945,77,53,58,34,14,17,8,23,61,83,76,74,44,43,79,31,40,27,28,28,19,14,14
Hillrose town,36610,10836610,312,161,9,11,15,3,3,2,2,7,9,13,9,16,5,6,12,3,4,4,9,6,6,5,2,151,20,10,9,3,1,2,0,3,11,12,8,10,9,9,14,4,2,6,5,7,3,0,3
Holly town,37215,10837215,837,423,35,36,27,32,10,7,11,9,23,26,17,15,22,25,23,10,12,8,14,28,14,15,4,414,28,30,33,17,9,4,5,11,22,31,20,18,26,23,27,16,12,6,18,18,13,10,17
Holyoke city,37270,10837270,2346,1117,66,75,82,71,36,9,11,34,70,85,68,50,66,70,58,23,52,22,34,44,35,29,27,1229,86,90,91,42,31,4,13,35,76,71,59,76,56,65,79,28,45,30,23,64,47,32,86
Hooper town,37380,10837380,81,40,2,3,3,2,3,0,0,0,3,1,0,4,6,1,1,0,6,0,1,0,3,0,1,41,2,4,1,3,0,2,0,0,2,1,0,4,1,5,1,3,7,3,1,0,1,0,0
Hotchkiss town,37545,10837545,875,414,18,20,39,19,11,0,4,8,27,30,21,24,18,34,21,13,16,11,20,27,13,13,7,461,32,33,19,18,9,5,3,6,23,28,23,26,29,28,29,16,27,18,19,24,16,17,13
Hot Sulphur Springs town,37600,10837600,687,350,7,26,17,9,9,2,6,6,19,18,30,23,27,22,27,17,33,9,16,13,10,3,1,337,14,19,22,16,2,2,1,14,20,16,24,29,28,26,21,13,17,20,11,13,0,4,5
Hudson town,37820,10837820,1651,845,60,51,66,29,27,7,10,31,82,61,56,42,51,57,56,24,36,17,23,30,11,13,5,806,55,43,54,37,24,12,10,37,72,49,48,57,34,62,60,21,30,10,21,42,15,6,7
Hugo town,37875,10837875,787,383,26,30,28,15,5,5,2,8,22,36,22,20,12,17,42,8,13,10,16,17,17,8,4,404,21,28,28,9,10,3,2,14,22,22,19,21,21,22,26,7,16,11,22,29,15,19,17
Idaho Springs city,38370,10838370,1782,923,35,33,43,23,20,11,9,18,68,80,70,61,56,75,73,36,36,35,35,55,31,14,6,859,39,32,36,26,15,2,13,31,40,78,64,64,58,58,61,31,44,40,21,51,26,14,15
Ignacio town,38535,10838535,852,405,25,32,36,22,12,6,6,17,36,31,15,16,31,17,18,6,17,11,12,12,18,5,4,447,30,28,47,18,7,2,2,10,36,27,22,33,26,13,36,13,23,12,10,16,18,14,4
Iliff town,38590,10838590,246,124,6,6,5,11,1,3,1,4,4,10,7,6,8,7,5,2,9,5,5,10,5,1,3,122,10,7,15,4,1,1,4,4,7,4,3,8,8,6,6,4,1,5,3,8,7,4,2
Jamestown town,39195,10839195,256,127,0,7,4,2,2,0,0,2,6,4,8,12,10,8,16,5,8,9,9,7,2,3,3,129,7,11,6,1,5,0,0,1,8,11,11,9,8,6,9,5,9,4,5,4,3,1,5
Johnstown town,39855,10839855,17303,8708,604,633,675,376,197,100,95,303,571,760,731,650,640,504,490,198,233,156,209,264,188,86,45,8595,543,706,632,378,220,89,88,296,555,740,696,618,579,487,476,176,279,150,218,303,210,99,57
Julesburg town,39965,10839965,1307,628,29,35,38,26,11,3,6,14,36,40,26,27,38,34,43,20,40,20,29,43,30,17,23,679,29,39,41,32,12,5,5,13,28,40,28,34,26,34,56,21,30,27,33,34,37,26,49
Keenesburg town,40185,10840185,1250,657,38,32,47,33,17,13,2,21,58,55,44,39,37,37,50,19,19,19,17,25,18,8,9,593,25,40,26,25,17,5,7,26,41,41,43,41,31,30,32,15,41,16,21,20,10,19,21
Kersey town,40515,10840515,1495,730,50,73,61,31,19,9,14,36,54,59,55,36,39,34,42,18,22,12,7,33,12,11,3,765,61,61,50,34,24,12,8,28,57,60,58,27,56,55,40,16,18,10,29,20,18,14,9
Kim town,40570,10840570,63,30,0,1,0,0,2,0,1,0,4,2,1,0,1,2,3,1,0,2,1,2,0,5,2,33,1,1,1,2,0,0,0,1,3,1,1,0,2,1,3,1,0,1,0,3,3,6,2
Kiowa town,40790,10840790,725,361,24,8,30,16,5,11,6,16,39,22,28,15,25,34,23,9,14,6,8,11,6,4,1,364,21,25,30,17,6,2,4,18,25,19,26,17,23,21,20,7,12,8,13,20,15,10,5
Kit Carson town,41010,10841010,255,133,4,5,18,5,6,1,2,3,12,12,7,9,4,7,6,4,7,2,9,3,5,1,1,122,3,9,13,5,1,1,3,2,5,10,7,10,9,5,9,4,2,7,3,6,2,4,2
Kremmling town,41560,10841560,1509,782,47,48,50,41,23,9,5,25,38,64,61,54,49,53,49,25,37,23,25,28,20,4,4,727,38,36,51,47,15,8,8,27,43,61,49,57,37,46,54,17,32,17,16,29,18,10,11
Lafayette city,41835,10841835,30411,14921,894,1043,1046,690,312,127,126,499,1074,1100,1225,1063,1010,1001,926,381,503,343,430,549,289,160,130,15490,823,938,994,533,275,150,151,439,968,1174,1183,1172,1055,1097,1084,399,619,378,522,650,416,195,275
La Jara town,42055,10842055,730,350,22,28,26,15,7,3,8,13,16,20,26,16,14,17,20,10,17,11,16,23,9,7,6,380,16,32,33,16,6,0,6,10,16,24,32,18,20,21,25,11,16,7,16,17,12,17,9
La Junta city,42110,10842110,7322,3570,251,261,256,186,153,75,53,102,224,228,219,189,171,177,229,78,118,67,127,163,107,72,64,3752,206,245,254,147,164,56,38,132,224,225,230,185,174,219,234,95,142,96,146,203,146,105,86
Lake City town,42330,10842330,432,232,8,9,23,4,2,0,3,5,7,15,6,13,11,12,21,9,11,11,6,26,18,6,6,200,8,10,13,4,2,3,2,2,8,4,11,16,16,9,20,10,12,4,12,20,9,2,3
Lakeside town,42495,10842495,16,6,0,0,0,0,0,0,0,0,0,0,2,0,0,2,0,1,0,0,0,1,0,0,0,10,2,0,2,0,0,0,0,2,0,0,1,0,0,0,0,0,0,1,1,0,0,0,1
Lakewood city,43000,10843000,155984,77229,3879,3865,4133,2492,1631,906,958,3394,7350,7373,5965,4881,4494,4476,4715,1954,2859,1707,2350,3057,2160,1367,1263,78755,3626,3739,3807,2377,1656,1086,906,3328,6835,6572,5561,4658,4464,4489,5301,2155,3034,1909,2586,3778,2792,1992,2104
Lamar city,43110,10843110,7687,3753,262,271,309,175,162,58,58,127,250,248,230,202,207,193,218,91,124,84,101,181,96,70,36,3934,261,268,277,172,177,57,29,136,248,239,233,238,194,187,242,103,139,96,138,184,117,97,102
Larkspur town,43550,10843550,206,91,3,2,3,5,2,0,1,3,5,7,9,2,5,8,6,5,7,3,6,1,3,2,3,115,4,12,8,4,1,2,1,2,3,3,6,7,8,7,11,5,9,5,7,5,1,1,3
La Salle town,43605,10843605,2359,1206,99,90,92,50,29,10,9,45,96,99,84,79,82,67,71,24,31,24,32,39,26,11,17,1153,83,87,98,42,26,12,12,30,102,84,85,74,67,67,63,19,32,23,35,48,27,23,14
Las Animas city,43660,10843660,2300,1105,56,53,96,32,21,8,19,36,47,72,75,61,53,55,95,43,44,33,51,73,34,27,21,1195,70,66,79,42,33,5,4,49,69,44,73,69,57,66,92,40,54,33,43,77,43,31,56
La Veta town,44100,10844100,862,413,10,17,21,16,8,3,4,9,6,17,25,26,23,18,23,9,35,16,22,59,24,11,11,449,11,13,20,14,4,3,1,5,23,17,22,19,11,19,46,21,34,21,26,51,26,24,18
Leadville city,44320,10844320,2633,1412,54,70,57,34,27,8,19,65,142,157,125,129,97,84,84,32,49,30,46,50,22,13,18,1221,45,49,80,32,20,19,22,40,115,123,91,83,82,92,81,23,49,31,44,46,19,19,16
Limon town,44980,10844980,2043,1016,63,82,98,53,21,14,4,45,84,56,65,43,59,59,50,41,42,18,25,29,33,14,18,1027,69,73,58,42,19,10,6,46,68,58,58,65,45,66,77,37,49,25,25,42,28,27,34
Littleton city,45255,10845255,45652,22089,1012,1224,1388,787,420,229,208,804,1838,1805,1592,1454,1385,1360,1500,629,840,560,702,960,595,416,381,23563,984,1161,1329,824,365,186,225,856,1728,1732,1580,1436,1409,1460,1701,703,977,626,837,1215,880,627,722
Lochbuie town,45530,10845530,8088,4073,360,384,368,185,110,46,45,116,381,367,377,301,237,212,188,72,93,41,59,56,38,18,19,4015,362,375,338,202,84,45,42,123,389,371,342,263,214,211,183,71,86,43,65,91,58,39,18
Log Lane Village town,45695,10845695,913,472,29,42,39,19,21,8,9,20,35,27,37,27,20,23,31,11,12,10,9,13,16,6,8,441,25,35,37,29,10,12,5,23,36,28,28,24,31,17,20,10,8,2,13,18,14,12,4
Lone Tree city,45955,10845955,14253,7036,311,354,431,292,156,91,74,278,609,488,457,414,481,538,510,184,290,164,186,335,185,106,102,7217,294,379,418,286,132,64,88,322,523,482,460,404,499,552,569,224,268,181,210,350,201,153,158
Longmont city,45970,10845970,98885,49054,2565,2913,3436,2120,1201,555,581,1808,3746,3925,3488,3291,3185,3180,3167,1215,1709,1043,1430,1907,1201,749,639,49831,2434,2761,3155,1976,1085,510,551,1667,3405,3454,3424,3440,3209,3150,3248,1348,1949,1229,1639,2385,1649,1068,1095
Louisville city,46355,10846355,21226,10389,459,696,798,435,207,90,103,267,624,633,696,736,814,736,712,285,451,294,391,444,209,162,147,10837,457,685,737,429,189,69,103,285,570,576,711,795,814,766,798,340,530,292,393,496,277,187,338
Loveland city,46465,10846465,76378,37085,1890,2088,2276,1383,818,400,365,1280,2711,2836,2620,2333,2180,2030,2286,988,1518,959,1377,1886,1315,827,719,39293,1893,2050,2176,1356,750,420,356,1234,2551,2712,2480,2219,2096,2210,2667,1154,1788,1190,1594,2263,1651,1140,1343
Lyons town,47070,10847070,2209,1064,40,75,87,38,16,9,7,23,42,39,68,93,106,97,93,36,47,15,47,44,26,7,9,1145,49,80,112,43,23,9,6,14,40,52,74,103,127,92,75,34,49,35,34,41,28,12,13
Manassa town,48060,10848060,947,476,25,45,43,26,13,7,5,15,30,28,29,28,16,30,18,9,14,15,10,30,19,14,7,471,29,34,44,23,15,8,1,5,27,25,38,22,19,24,28,14,20,11,17,31,9,9,18
Mancos town,48115,10848115,1196,558,24,32,38,23,15,10,4,9,37,40,54,29,38,31,36,9,30,19,15,32,20,7,6,638,37,40,30,15,16,7,5,13,43,57,41,39,36,35,48,13,29,23,25,43,24,10,9
Manitou Springs city,48445,10848445,4858,2396,67,75,101,65,53,21,27,81,171,153,155,153,171,172,219,81,123,76,125,156,83,35,33,2462,58,90,114,90,42,29,24,67,159,137,144,183,149,177,229,92,128,83,122,171,95,49,30
Manzanola town,48500,10848500,341,157,8,10,6,4,8,3,1,0,11,9,11,14,2,5,10,4,7,6,9,12,10,2,5,184,11,11,9,4,0,3,2,2,11,5,17,9,13,7,13,10,7,8,5,14,9,8,6
Marble town,48555,10848555,133,71,1,2,2,0,1,0,0,4,2,2,14,5,5,6,4,4,5,0,0,11,2,1,0,62,1,1,1,1,1,1,0,1,4,10,6,4,2,3,3,2,3,4,6,5,3,0,0
Mead town,49600,10849600,4781,2424,140,174,205,148,63,20,19,60,94,135,173,198,165,184,177,69,99,57,82,88,40,17,17,2357,124,184,217,125,61,22,13,61,93,140,192,163,165,174,174,72,87,57,64,78,46,26,19
Meeker town,49875,10849875,2374,1184,71,88,121,63,23,13,8,30,61,81,101,55,55,58,70,22,39,38,48,62,34,27,16,1190,68,79,100,49,31,5,9,32,78,79,81,70,57,54,89,31,41,41,44,64,32,27,29
Merino town,50040,10850040,281,137,5,14,9,5,1,2,0,1,12,10,10,9,8,9,10,8,2,4,5,5,4,3,1,144,8,11,10,5,4,1,0,11,8,5,8,11,6,9,13,4,6,3,4,4,6,4,3
Milliken town,50480,10850480,8386,4285,404,404,315,196,84,42,45,135,367,461,348,309,251,219,195,69,88,75,71,102,68,24,13,4101,343,327,334,154,89,38,50,118,402,430,331,264,223,234,204,73,101,78,87,94,62,34,31
Minturn town,50920,10850920,1033,552,16,29,26,16,5,1,2,22,69,65,53,43,47,33,41,14,16,9,12,15,10,7,1,481,15,13,34,27,2,1,0,15,63,61,39,30,42,34,17,8,19,11,5,16,12,4,13
Moffat town,51250,10851250,108,65,3,4,3,2,0,0,1,1,3,6,7,4,4,6,3,1,5,2,1,5,1,2,1,43,1,1,4,0,0,0,0,2,3,3,2,3,1,3,6,0,2,1,2,2,5,1,1
Monte Vista city,51635,10851635,4247,2028,127,157,159,103,47,32,21,57,115,131,145,112,109,103,123,65,78,48,64,89,68,38,37,2219,109,151,166,90,53,27,21,67,104,152,146,126,100,126,143,63,102,61,93,128,69,51,71
Montezuma town,51690,10851690,74,47,1,1,2,0,0,0,2,3,11,5,0,3,8,6,1,0,1,0,2,1,0,0,0,27,1,0,0,0,0,0,0,0,4,2,2,2,7,2,1,0,0,3,0,1,1,0,1
Montrose city,51745,10851745,20291,9812,511,643,696,384,227,83,90,338,515,559,658,485,567,531,539,274,400,254,375,644,494,304,241,10479,491,583,663,340,204,85,61,278,502,593,627,542,532,559,717,277,452,316,474,783,584,410,406
Monument town,51800,10851800,10399,5179,273,384,522,330,149,56,50,165,223,252,298,373,435,410,390,136,180,80,112,165,89,54,53,5220,310,365,485,291,125,50,38,153,190,270,382,414,440,401,377,108,173,85,122,176,105,80,80
Morrison town,52075,10852075,396,208,8,4,5,4,3,1,1,4,5,9,6,9,12,15,20,5,7,7,14,22,17,13,17,188,5,3,7,5,3,1,0,1,7,5,10,11,7,10,18,8,9,5,3,16,7,20,27
Mountain View town,52350,10852350,541,263,16,8,16,4,2,2,4,7,22,42,32,19,9,12,13,3,9,8,9,11,8,5,2,278,17,10,6,3,4,3,3,6,31,33,34,20,15,13,20,14,4,5,6,7,10,8,6
Mountain Village town,52550,10852550,1264,699,23,32,45,24,9,15,15,35,91,78,45,47,45,39,51,21,15,10,15,22,16,4,2,565,17,12,28,11,13,10,14,32,77,50,35,46,47,34,53,17,18,6,15,14,10,3,3
Mount Crested Butte town,52570,10852570,941,544,22,20,24,13,7,1,3,25,58,55,47,41,54,45,39,9,18,5,20,23,10,1,4,397,15,14,17,9,5,2,3,16,36,37,36,43,37,31,37,6,9,7,26,6,1,2,2
Naturita town,53120,10853120,485,247,7,6,17,11,8,1,2,3,10,12,16,17,13,21,21,13,11,13,12,18,6,8,1,238,17,12,6,9,5,0,4,10,13,9,15,14,19,18,12,9,8,8,12,11,10,6,11
Nederland town,53175,10853175,1471,789,30,39,30,16,8,1,10,15,51,79,66,62,72,54,61,34,47,29,33,26,14,11,1,682,27,26,32,22,5,7,1,17,48,70,53,57,61,46,58,27,38,19,26,22,7,5,8
New Castle town,53395,10853395,4923,2476,144,201,224,129,69,25,28,73,157,192,175,186,143,155,171,61,72,58,71,77,44,12,9,2447,161,184,156,114,46,31,20,68,155,166,216,179,157,151,160,65,95,56,91,69,51,34,22
Northglenn city,54330,10854330,38131,19144,1159,1217,1319,770,513,243,247,895,1815,1797,1502,1274,1158,1082,1080,420,599,367,386,518,300,241,242,18987,1157,1228,1194,740,432,276,285,829,1688,1584,1414,1188,1017,980,1158,449,614,360,442,632,513,406,401
Norwood town,54880,10854880,535,268,17,18,21,10,2,8,7,7,16,22,20,29,14,14,14,8,11,5,10,7,7,1,0,267,17,16,19,13,7,0,5,4,17,15,24,18,19,16,19,4,13,10,5,15,7,3,1
Nucla town,54935,10854935,585,289,13,14,10,13,4,2,8,2,10,12,20,15,10,22,29,12,18,14,15,16,17,9,4,296,15,18,14,7,5,2,0,6,19,9,14,24,10,17,37,12,20,8,17,17,12,5,8
Nunn town,55045,10855045,504,241,17,16,17,9,3,2,0,6,26,19,21,9,16,14,19,10,6,4,9,8,7,3,0,263,20,14,23,12,5,4,2,6,19,19,11,21,20,14,18,9,12,9,6,6,6,3,4
Oak Creek town,55155,10855155,889,477,29,20,25,8,10,1,3,30,33,55,40,30,54,23,28,14,13,12,16,19,4,3,7,412,24,24,24,6,11,2,1,9,35,49,30,28,41,18,32,9,12,9,14,13,5,8,8
Olathe town,55540,10855540,2019,1033,52,76,64,52,34,20,15,56,89,66,67,55,63,73,56,18,44,16,18,45,16,20,18,986,64,77,78,52,29,14,10,53,51,60,75,81,42,52,44,10,31,10,25,48,20,27,33
Olney Springs town,55705,10855705,315,152,10,12,15,5,1,1,1,2,4,15,6,7,11,13,13,5,8,4,6,5,5,2,1,163,11,7,12,7,4,1,1,0,9,16,6,5,16,21,5,7,2,3,7,14,6,2,1
Ophir town,55870,10855870,197,104,4,7,12,8,0,0,1,1,7,6,9,10,13,8,8,3,0,3,0,2,1,0,1,93,2,5,14,5,0,0,3,3,7,5,8,4,14,9,6,1,2,2,1,0,1,0,1
Orchard City town,55980,10855980,3142,1525,69,73,102,47,28,10,11,34,45,67,58,82,78,84,119,52,89,51,75,138,98,66,49,1617,56,69,112,65,28,12,10,20,56,70,82,85,81,84,108,51,84,64,87,148,100,80,65
Ordway town,56145,10856145,1066,527,21,37,30,17,18,9,7,11,35,21,23,31,30,37,38,16,21,21,30,27,10,20,17,539,24,28,35,22,8,9,0,22,33,30,25,27,36,28,34,22,22,14,22,33,27,12,26
Otis town,56365,10856365,511,254,18,27,23,8,5,2,0,9,17,16,12,16,16,12,13,12,10,1,7,17,5,6,2,257,13,24,21,9,4,2,0,10,12,20,15,15,15,15,14,4,9,5,8,14,12,13,3
Ouray city,56420,10856420,898,451,17,24,17,13,8,4,5,8,18,30,28,39,39,30,42,16,22,12,15,33,13,9,9,447,15,12,22,15,2,0,0,16,26,31,34,24,36,21,47,13,25,17,23,27,27,8,6
Ovid town,56475,10856475,271,143,11,3,9,3,0,2,3,3,5,7,7,8,11,8,10,8,12,0,3,14,7,2,7,128,4,5,12,6,3,0,2,2,5,10,7,8,6,4,10,0,10,2,5,8,7,7,5
Pagosa Springs town,56860,10856860,1571,758,50,62,42,13,14,3,10,20,44,43,57,55,44,37,61,22,33,17,41,35,28,18,9,813,43,71,51,29,20,8,0,21,35,63,55,41,42,40,57,23,44,15,35,46,26,23,25
Palisade town,56970,10856970,2565,1285,72,61,71,51,21,22,4,38,61,82,90,86,84,67,86,39,49,53,61,61,52,32,42,1280,37,47,77,45,24,12,12,39,68,78,88,92,59,67,107,34,70,38,61,78,52,35,60
Palmer Lake town,57025,10857025,2636,1342,66,61,106,56,36,12,20,37,77,71,84,81,107,92,100,56,62,39,64,55,35,11,14,1294,42,78,66,51,27,12,8,38,61,67,104,75,82,91,139,44,78,59,45,58,29,21,19
Paoli town,57245,10857245,51,24,0,0,0,0,1,0,0,1,1,2,0,0,1,8,0,1,2,0,3,0,1,0,3,27,0,2,0,1,1,1,0,2,1,2,0,0,1,5,2,0,0,4,1,2,0,1,1
Paonia town,57300,10857300,1447,697,36,52,30,31,13,4,5,11,38,33,47,37,36,37,58,16,31,26,47,48,30,18,13,750,30,36,44,25,14,1,0,12,29,49,46,41,49,33,61,21,35,28,43,62,42,22,27
Parachute town,57400,10857400,1390,718,62,67,51,31,27,9,10,42,76,62,36,39,30,40,41,14,15,15,19,23,2,4,3,672,68,53,56,39,17,5,7,35,69,52,42,40,35,39,21,19,19,8,9,21,9,0,9
Parker town,57630,10857630,58512,29043,1858,2287,2609,1523,824,409,339,985,1768,1928,2213,2251,2501,2147,1726,593,730,396,496,651,421,228,160,29469,1802,2093,2369,1521,711,289,315,949,1803,2064,2347,2381,2518,2069,1723,624,785,476,617,833,566,313,301
Peetz town,58235,10858235,213,107,8,6,8,5,2,2,0,5,7,7,6,6,4,6,6,2,11,2,3,4,5,1,1,106,7,7,8,1,2,0,0,3,4,9,6,5,4,2,12,6,9,3,3,5,0,10,0
Pierce town,59005,10859005,1097,564,33,50,56,29,16,6,3,8,39,44,44,34,31,33,32,12,26,15,14,15,12,6,6,533,36,39,52,21,6,5,6,12,43,44,34,38,28,33,31,14,16,18,18,16,9,8,6
Pitkin town,59830,10859830,72,37,2,0,1,1,0,0,0,0,0,2,3,2,1,3,1,3,3,6,4,1,2,2,0,35,1,3,3,1,0,0,0,0,1,1,3,1,1,3,2,0,2,0,1,9,1,0,2
Platteville town,60160,10860160,2955,1526,102,121,150,70,47,14,15,61,100,130,95,91,106,88,103,32,50,23,25,45,27,20,11,1429,85,82,125,68,55,11,8,51,108,99,117,101,87,85,77,27,57,27,40,44,41,22,12
Poncha Springs town,60600,10860600,925,474,32,32,29,16,6,8,3,7,34,30,30,31,23,25,26,13,21,17,29,37,6,10,9,451,16,24,24,13,4,3,2,6,26,34,29,32,33,28,19,20,29,16,20,34,14,17,8
Pritchett town,61315,10861315,112,54,2,6,3,3,0,0,2,1,3,0,7,2,1,3,7,1,5,1,1,3,1,2,0,58,9,1,4,6,1,0,0,2,8,2,5,4,2,0,4,2,0,1,6,1,0,0,0
Pueblo city,62000,10862000,111876,54704,3053,3434,3829,2260,1506,713,745,2180,3847,3640,3643,3292,3016,3109,3369,1430,2183,1389,1888,2636,1473,1013,1056,57172,3114,3401,3550,2088,1379,717,716,2015,3717,3725,3619,3333,3083,3161,3638,1618,2464,1571,2061,2920,1973,1479,1830
Ramah town,62660,10862660,111,54,1,2,0,0,1,2,0,1,5,0,2,2,4,7,1,2,2,5,1,5,4,4,3,57,4,2,2,0,1,1,1,0,2,2,0,7,5,3,5,2,4,2,4,3,6,0,1
Rangely town,62880,10862880,2299,1152,64,81,103,43,79,39,6,45,58,67,83,74,53,46,66,36,50,33,33,32,28,15,18,1147,81,80,94,39,79,25,18,46,68,83,81,69,52,50,69,31,51,19,15,36,24,22,15
Raymer (New Raymer) town,63045,10863045,110,62,2,8,9,6,1,2,0,0,0,5,3,7,1,2,0,1,2,5,5,1,0,2,0,48,2,5,3,2,2,0,0,1,3,1,5,3,4,3,3,0,1,0,2,2,1,1,4
Red Cliff town,63265,10863265,257,138,5,4,8,4,3,1,2,3,6,14,7,9,14,10,16,10,4,2,6,3,3,1,3,119,5,4,8,4,1,3,0,4,9,10,12,11,8,11,11,0,3,0,6,2,0,3,4
Rico town,64090,10864090,288,152,0,6,7,3,2,2,1,4,10,20,13,11,10,19,9,8,4,11,1,7,1,1,2,136,7,8,8,6,0,0,2,3,6,14,10,5,8,15,15,4,12,4,4,1,0,1,3
Ridgway town,64200,10864200,1183,569,24,29,37,24,9,3,3,15,26,33,46,35,53,31,30,16,30,27,31,37,19,7,4,614,12,37,42,21,8,3,3,5,25,32,64,41,49,43,52,26,26,15,39,41,20,5,5
Rifle city,64255,10864255,10437,5166,432,431,414,235,163,58,54,250,384,400,400,356,288,297,272,124,142,79,107,108,78,32,62,5271,426,393,445,282,133,49,87,244,388,354,443,336,292,288,274,120,129,91,104,138,93,79,83
Rockvale town,64970,10864970,511,253,12,8,13,7,6,0,1,10,9,7,9,17,17,17,17,15,10,7,17,29,11,7,7,258,10,15,10,10,4,2,0,9,13,11,10,19,9,17,21,12,15,9,17,26,12,6,1
Rocky Ford city,65190,10865190,3876,1910,101,129,115,81,54,25,24,53,115,129,125,107,103,96,136,62,74,59,79,100,55,50,38,1966,94,136,149,94,39,14,12,48,100,113,111,105,101,108,146,57,71,53,87,98,87,67,76
Romeo town,65740,10865740,302,164,15,18,15,6,3,2,3,9,5,8,11,5,8,12,3,3,8,6,7,7,2,7,1,138,6,8,7,7,2,1,0,6,10,13,6,12,6,9,12,3,4,6,7,6,1,4,2
Rye town,66895,10866895,206,105,6,7,8,7,3,0,1,0,6,5,10,8,7,5,5,1,4,4,3,7,2,2,4,101,7,10,10,1,2,1,1,2,4,3,8,6,7,3,5,7,3,2,5,9,4,1,0
Saguache town,67005,10867005,539,269,7,13,15,4,7,6,2,8,10,15,24,16,18,9,16,8,16,12,21,13,12,7,10,270,13,8,17,9,2,4,0,9,11,16,13,13,16,10,30,8,8,10,17,21,10,13,12
Salida city,67280,10867280,5666,2747,125,112,144,88,41,30,6,49,162,197,189,192,188,183,195,73,126,98,130,195,87,63,74,2919,115,140,140,98,24,15,16,67,120,170,199,186,174,188,225,94,164,108,145,197,123,94,117
Sanford town,67830,10867830,879,418,27,38,43,18,10,7,6,6,16,23,30,19,32,23,25,11,15,9,16,18,13,11,2,461,32,49,50,24,16,5,2,14,18,22,29,27,22,18,25,16,15,6,12,24,21,5,9
San Luis town,68105,10868105,598,314,16,17,26,15,5,3,4,9,16,12,15,16,19,14,28,10,8,7,13,17,20,12,12,284,14,9,18,11,10,2,2,10,16,16,14,17,20,19,9,11,19,9,10,21,13,7,7
Sawpit town,68655,10868655,38,19,3,0,1,1,0,0,0,1,0,2,2,1,1,1,0,1,0,0,1,1,1,0,2,19,0,0,1,0,1,0,0,0,2,2,3,0,3,1,0,1,1,1,1,0,0,0,2
Sedgwick town,68930,10868930,172,95,4,6,7,3,0,0,0,1,4,7,12,4,2,5,10,3,6,7,3,7,2,1,1,77,3,2,7,4,1,2,0,1,5,5,3,5,1,5,6,1,10,1,8,2,1,4,0
Seibert town,69040,10869040,172,90,3,0,9,6,1,0,0,2,5,3,4,5,4,8,3,6,9,4,6,4,3,1,4,82,2,2,7,3,1,0,0,0,3,7,7,1,5,5,6,3,4,2,8,5,4,4,3
Severance town,69150,10869150,7683,3868,319,351,377,145,84,45,32,95,277,358,365,318,235,208,166,66,113,51,73,101,56,21,12,3815,355,344,346,160,70,23,33,120,285,382,357,290,219,171,185,73,101,60,82,87,42,17,13
Sheridan city,69645,10869645,6105,3088,168,162,204,133,85,50,42,132,263,273,273,182,180,153,201,76,125,78,70,104,55,48,31,3017,139,160,221,114,88,46,38,109,287,245,231,195,150,146,197,71,119,74,86,117,73,52,59
Sheridan Lake town,69700,10869700,55,32,3,4,1,3,1,0,0,4,1,2,2,0,1,3,1,0,2,0,1,0,2,0,1,23,1,0,0,3,1,0,0,0,0,2,2,1,4,1,2,1,2,2,0,1,0,0,0
Silt town,70195,10870195,3536,1822,126,164,180,110,62,19,29,62,124,120,153,142,116,91,94,37,45,27,36,48,24,11,2,1714,129,155,137,81,47,24,21,38,119,128,158,141,125,99,86,36,53,22,36,33,29,14,3
Silver Cliff town,70250,10870250,609,278,18,17,17,3,6,2,4,14,18,7,21,15,14,17,18,6,13,5,15,21,15,8,4,331,15,17,16,12,4,0,2,17,11,11,27,17,13,22,22,8,26,12,19,26,12,4,18
Silver Plume town,70360,10870360,207,127,7,11,6,0,2,3,0,1,7,11,11,4,13,10,8,2,3,6,1,10,8,1,2,80,3,1,2,1,2,1,1,2,13,9,7,3,2,6,8,4,1,4,3,3,1,0,3
Silverthorne town,70525,10870525,4402,2332,123,138,159,74,53,13,20,71,176,179,185,163,181,140,142,69,103,67,86,95,64,26,5,2070,123,133,106,71,36,20,17,50,164,157,165,132,167,139,150,60,89,52,90,99,30,14,6
Silverton town,70580,10870580,622,330,5,21,14,8,2,0,0,8,28,23,33,17,16,23,29,13,21,2,16,24,19,7,1,292,11,13,6,13,0,0,0,11,23,27,20,19,18,20,14,6,14,9,20,24,14,3,7
Simla town,70635,10870635,601,299,12,21,15,15,14,6,3,12,29,23,10,18,20,14,26,5,12,7,5,10,13,4,5,302,11,23,26,21,13,0,0,12,14,17,9,16,22,13,19,8,13,5,13,10,13,12,12
Snowmass Village town,71755,10871755,3096,1614,43,69,94,46,26,11,11,64,132,129,130,105,123,117,113,42,53,47,73,86,64,22,14,1482,59,79,104,55,20,10,3,50,123,96,123,100,120,94,88,46,68,44,57,71,41,20,11
South Fork town,72395,10872395,510,269,8,18,6,10,1,1,1,6,10,16,13,9,9,16,17,16,13,12,25,23,21,10,8,241,12,7,3,2,3,0,3,3,10,14,17,13,2,9,27,9,21,8,21,32,8,12,5
Springfield town,73330,10873330,1325,656,36,34,49,21,16,11,5,24,48,45,41,25,32,30,44,27,28,22,17,38,26,25,12,669,29,41,40,19,12,4,5,24,24,40,42,36,31,38,49,14,23,24,33,48,32,25,36
Starkville town,73715,10873715,62,33,0,1,1,0,1,1,1,0,0,0,2,1,4,4,2,1,0,1,0,7,2,2,2,29,0,1,3,3,0,0,0,2,0,1,3,0,1,1,5,3,0,0,4,0,1,1,0
Steamboat Springs city,73825,10873825,13224,6783,261,306,412,222,168,57,79,287,573,559,531,500,499,442,420,169,280,184,247,289,171,64,63,6441,275,314,412,251,133,59,78,212,459,492,444,473,439,460,437,202,251,188,221,338,119,81,103
Sterling city,73935,10873935,13735,8040,364,345,363,213,243,124,123,358,832,802,769,575,471,440,492,198,270,166,245,252,155,112,128,5695,339,303,309,182,243,97,71,252,410,338,389,281,313,275,344,126,233,170,207,254,185,162,212
Stratton town,74485,10874485,656,314,20,25,28,5,5,3,0,5,21,18,25,24,22,17,16,9,13,10,10,18,11,4,5,342,25,19,31,18,7,1,3,11,15,26,24,17,13,20,15,11,16,12,15,21,7,8,7
Sugar City town,74815,10874815,259,135,8,4,6,4,3,0,2,10,2,5,5,9,10,2,16,8,8,6,11,10,2,4,0,124,4,2,7,6,4,2,0,0,4,0,8,7,9,7,8,11,9,2,4,13,6,0,11
Superior town,75640,10875640,13094,6632,310,412,592,397,170,114,80,261,465,446,443,493,547,555,530,163,173,99,109,140,79,41,13,6462,303,458,546,320,158,80,64,231,396,420,486,471,606,598,488,147,186,112,109,153,68,35,27
Swink town,75970,10875970,604,286,13,14,17,12,13,2,1,13,10,19,19,19,23,18,17,7,7,14,11,17,11,7,2,318,13,19,17,17,6,3,2,11,10,23,12,19,20,13,35,8,19,7,20,18,15,6,5
Telluride town,76795,10876795,2607,1363,56,60,75,44,28,17,20,42,140,134,96,95,104,106,97,35,52,21,41,59,33,7,1,1244,45,58,76,34,19,14,16,42,144,133,86,99,97,103,78,25,49,19,25,51,14,7,10
Thornton city,77290,10877290,141867,70444,4670,5169,5588,3400,1990,933,946,2790,5229,5819,5638,5267,4809,4218,3868,1467,1884,1145,1509,2095,1093,543,374,71423,4374,5038,5489,3311,1734,860,793,2817,5294,5619,5671,5140,4768,4310,4009,1586,2098,1347,1861,2309,1434,818,743
Timnath town,77510,10877510,6487,3229,257,355,348,179,71,25,18,80,81,185,291,291,281,177,158,55,89,39,72,90,54,22,11,3258,232,349,352,165,68,17,20,64,90,214,344,301,261,166,159,60,88,57,84,90,42,12,23
Trinidad city,78610,10878610,8329,4125,179,214,295,151,118,58,54,135,248,251,255,239,207,228,288,148,158,141,206,267,121,104,60,4204,214,210,227,134,93,49,32,136,235,252,242,218,225,234,308,162,194,136,183,258,171,115,176
Two Buttes town,79270,10879270,34,16,0,0,1,0,1,0,0,1,1,1,0,0,1,1,2,2,0,4,0,1,0,0,0,18,1,0,0,0,1,0,1,1,0,1,3,0,2,0,0,3,1,0,0,2,1,0,1
Vail town,80040,10880040,4835,2625,69,63,72,65,30,19,30,98,359,356,223,159,163,166,159,85,106,70,79,94,88,50,22,2210,66,56,91,42,30,27,11,119,302,247,155,121,156,142,154,51,66,57,67,124,74,36,16
Victor city,80865,10880865,379,195,3,5,7,6,3,0,2,3,21,9,10,8,14,20,23,3,16,9,10,14,4,4,1,184,5,11,13,2,1,0,1,7,5,8,8,6,3,24,24,6,15,11,12,12,4,4,2
Vilas town,81030,10881030,98,49,2,4,7,4,3,0,0,2,1,2,3,2,4,2,3,2,3,0,0,1,0,3,1,49,4,4,8,3,0,0,0,0,1,3,2,5,2,3,1,2,2,0,1,1,2,2,3
Vona town,81690,10881690,95,42,2,1,1,1,1,1,1,0,4,4,2,3,1,6,2,0,3,0,1,2,3,0,3,53,1,0,3,2,4,0,0,3,3,3,1,2,7,1,5,2,1,2,1,6,3,2,1
Walden town,82130,10882130,606,289,9,12,23,6,5,1,1,12,11,22,23,17,14,18,20,8,26,8,12,22,4,8,7,317,22,21,14,15,6,2,2,3,11,22,21,15,21,22,15,16,15,11,20,11,13,10,9
Walsenburg city,82350,10882350,3049,1531,62,90,103,72,40,10,16,34,72,82,79,94,65,98,149,60,73,57,72,89,48,40,26,1518,68,85,90,47,30,12,7,48,85,83,67,91,66,97,118,46,93,56,67,89,67,55,51
Walsh town,82460,10882460,543,272,12,19,22,7,8,2,3,9,16,13,13,11,23,10,26,3,10,7,6,17,10,13,12,271,9,15,16,7,4,1,3,10,17,15,16,9,12,18,18,9,5,12,8,13,17,15,22
Ward town,82735,10882735,128,75,2,0,7,1,2,0,1,0,8,3,7,3,12,3,6,1,6,3,4,4,0,2,0,53,3,0,1,1,0,0,0,1,1,4,8,7,5,3,1,0,7,2,5,1,2,1,0
Wellington town,83230,10883230,11047,5577,476,502,470,235,130,50,50,159,416,591,550,462,372,239,235,84,142,61,90,129,77,39,18,5470,415,460,483,222,123,48,66,145,410,548,574,415,329,241,251,98,137,80,106,157,99,34,29
Westcliffe town,83450,10883450,435,207,7,6,5,5,2,5,0,7,15,5,13,10,9,13,18,3,13,7,12,25,16,7,4,228,4,8,7,4,6,0,0,10,15,8,5,11,10,16,19,9,23,13,16,19,10,9,6
Westminster city,83835,10883835,116317,57895,3165,3352,3493,2146,1311,667,629,2585,5433,5505,4693,3885,3537,3353,3436,1368,1990,1165,1571,2112,1183,694,622,58422,3150,3247,3359,2005,1214,701,666,2429,5012,5040,4454,3694,3413,3365,3702,1573,2194,1337,1790,2446,1479,1002,1150
Wheat Ridge city,84440,10884440,32398,15802,873,799,724,409,242,136,145,502,1252,1540,1391,1088,905,903,996,465,650,398,555,685,420,331,393,16596,821,756,697,394,200,108,107,446,1277,1512,1298,1037,866,870,1141,462,712,455,666,857,649,512,753
Wiggins town,84770,10884770,1401,684,75,35,64,29,17,10,3,23,72,67,46,41,33,34,34,13,25,7,17,18,12,4,5,717,69,70,57,39,11,4,15,31,69,64,49,37,23,40,25,14,22,9,17,17,17,8,10
Wiley town,85045,10885045,437,207,12,15,18,9,3,1,0,5,11,9,17,12,12,16,14,4,15,7,6,8,8,2,3,230,8,22,28,10,3,1,3,4,10,13,20,8,16,12,16,11,11,5,4,11,7,3,4
Williamsburg town,85155,10885155,731,373,11,10,32,19,4,4,4,4,18,24,17,18,31,21,29,12,11,12,28,27,16,8,13,358,21,21,13,7,9,2,4,10,10,15,27,18,12,26,27,16,23,15,18,31,21,9,3
Windsor town,85485,10885485,32716,16102,1054,1238,1333,766,406,165,161,431,832,1092,1201,1101,1132,1021,972,414,507,319,472,667,399,245,174,16614,1060,1239,1220,751,339,183,123,421,889,1131,1224,1140,1099,1048,979,436,589,389,532,730,480,281,331
Winter Park town,85705,10885705,1033,578,11,23,16,12,10,6,4,27,78,64,49,39,34,35,30,25,24,11,17,40,13,7,3,455,17,11,15,12,7,6,4,18,52,47,43,24,29,30,37,16,21,18,13,16,10,3,6
Woodland Park city,86090,10886090,7920,3886,136,214,255,161,78,47,21,94,179,198,240,220,233,274,339,133,205,160,212,262,125,73,27,4034,145,187,248,158,66,20,41,95,144,197,254,245,242,286,400,149,242,152,230,269,133,75,56
Wray city,86310,10886310,2358,1218,97,95,77,47,27,24,16,42,94,110,86,59,71,65,66,19,50,12,37,42,27,29,26,1140,79,81,82,42,16,14,4,47,74,87,66,47,54,57,57,23,50,17,47,58,33,43,62
Yampa town,86475,10886475,399,218,15,8,21,8,1,4,3,1,13,14,17,9,14,13,12,8,8,8,11,13,11,5,1,181,9,6,13,14,0,2,2,7,7,17,11,22,6,11,11,3,11,6,2,9,6,3,3
Yuma city,86750,10886750,3456,1672,116,129,138,87,42,22,18,41,112,126,123,102,97,87,87,37,56,29,42,66,55,31,29,1784,114,138,159,75,29,15,17,62,103,133,116,100,90,101,94,38,72,31,55,67,67,52,56
